system:index,area_km2,class,territory,year,.geo
0_0_0,60.63230084613066,1,1500602.0,1985,"{""type"":""MultiPoint"",""coordinates"":[]}"
0_1_0,1.6613084337158233,1,1500859.0,1985,"{""type"":""MultiPoint"",""coordinates"":[]}"
0_2_0,0.7612084917602545,1,1501725.0,1985,"{""type"":""MultiPoint"",""coordinates"":[]}"
0_3_0,1.0020603892211901,1,1504455.0,1985,"{""type"":""MultiPoint"",""coordinates"":[]}"
0_4_0,67.93271296063234,1,1505486.0,1985,"{""type"":""MultiPoint"",""coordinates"":[]}"
0_5_0,0.1819540134277345,1,1505650.0,1985,"{""type"":""MultiPoint"",""coordinates"":[]}"
0_6_0,3.4448225190429698,1,1505908.0,1985,"{""type"":""MultiPoint"",""coordinates"":[]}"
0_7_0,0.208034230834961,1,1507805.0,1985,"{""type"":""MultiPoint"",""coordinates"":[]}"
0_8_0,8.091612527648946,1,1508159.0,1985,"{""type"":""MultiPoint"",""coordinates"":[]}"
0_9_0,7.956117795104993,1,1508357.0,1985,"{""type"":""MultiPoint"",""coordinates"":[]}"
1_0_0,96.37109598126305,1,1500602.0,1986,"{""type"":""MultiPoint"",""coordinates"":[]}"
1_1_0,2.2929242786865265,1,1500859.0,1986,"{""type"":""MultiPoint"",""coordinates"":[]}"
1_2_0,1.931391426330567,1,1501725.0,1986,"{""type"":""MultiPoint"",""coordinates"":[]}"
1_3_0,4.541147609008782,1,1504455.0,1986,"{""type"":""MultiPoint"",""coordinates"":[]}"
1_4_0,71.67041567181403,1,1505486.0,1986,"{""type"":""MultiPoint"",""coordinates"":[]}"
1_5_0,14.137059900512687,1,1505650.0,1986,"{""type"":""MultiPoint"",""coordinates"":[]}"
1_6_0,13.067168534484876,1,1505908.0,1986,"{""type"":""MultiPoint"",""coordinates"":[]}"
1_7_0,0.5364823805541993,1,1507805.0,1986,"{""type"":""MultiPoint"",""coordinates"":[]}"
1_8_0,19.44183510485839,1,1508159.0,1986,"{""type"":""MultiPoint"",""coordinates"":[]}"
1_9_0,9.768493432861344,1,1508357.0,1986,"{""type"":""MultiPoint"",""coordinates"":[]}"
2_0_0,222.29972363781687,1,1500602.0,1987,"{""type"":""MultiPoint"",""coordinates"":[]}"
2_1_0,6.800914684387215,1,1500859.0,1987,"{""type"":""MultiPoint"",""coordinates"":[]}"
2_2_0,113.0783401116313,1,1501725.0,1987,"{""type"":""MultiPoint"",""coordinates"":[]}"
2_3_0,100.02151554089194,1,1504455.0,1987,"{""type"":""MultiPoint"",""coordinates"":[]}"
2_4_0,97.52625659289454,1,1505486.0,1987,"{""type"":""MultiPoint"",""coordinates"":[]}"
2_5_0,84.47363037524232,1,1505650.0,1987,"{""type"":""MultiPoint"",""coordinates"":[]}"
2_6_0,167.42559226702735,1,1505908.0,1987,"{""type"":""MultiPoint"",""coordinates"":[]}"
2_7_0,11.103224611083858,1,1507805.0,1987,"{""type"":""MultiPoint"",""coordinates"":[]}"
2_8_0,160.95952551879762,1,1508159.0,1987,"{""type"":""MultiPoint"",""coordinates"":[]}"
2_9_0,89.01639615893474,1,1508357.0,1987,"{""type"":""MultiPoint"",""coordinates"":[]}"
3_0_0,327.155754779607,1,1500602.0,1988,"{""type"":""MultiPoint"",""coordinates"":[]}"
3_1_0,21.905294269409143,1,1500859.0,1988,"{""type"":""MultiPoint"",""coordinates"":[]}"
3_2_0,164.15886869842322,1,1501725.0,1988,"{""type"":""MultiPoint"",""coordinates"":[]}"
3_3_0,118.34799215094034,1,1504455.0,1988,"{""type"":""MultiPoint"",""coordinates"":[]}"
3_4_0,190.8410436212165,1,1505486.0,1988,"{""type"":""MultiPoint"",""coordinates"":[]}"
3_5_0,96.20886388146839,1,1505650.0,1988,"{""type"":""MultiPoint"",""coordinates"":[]}"
3_6_0,400.08164696226225,1,1505908.0,1988,"{""type"":""MultiPoint"",""coordinates"":[]}"
3_7_0,64.1990975717177,1,1507805.0,1988,"{""type"":""MultiPoint"",""coordinates"":[]}"
3_8_0,177.12445826629542,1,1508159.0,1988,"{""type"":""MultiPoint"",""coordinates"":[]}"
3_9_0,196.26098098541473,1,1508357.0,1988,"{""type"":""MultiPoint"",""coordinates"":[]}"
4_0_0,366.5787173237343,1,1500602.0,1989,"{""type"":""MultiPoint"",""coordinates"":[]}"
4_1_0,28.65008806610115,1,1500859.0,1989,"{""type"":""MultiPoint"",""coordinates"":[]}"
4_2_0,166.92704610747992,1,1501725.0,1989,"{""type"":""MultiPoint"",""coordinates"":[]}"
4_3_0,120.31315988916026,1,1504455.0,1989,"{""type"":""MultiPoint"",""coordinates"":[]}"
4_4_0,227.13013537658884,1,1505486.0,1989,"{""type"":""MultiPoint"",""coordinates"":[]}"
4_5_0,106.65462927813633,1,1505650.0,1989,"{""type"":""MultiPoint"",""coordinates"":[]}"
4_6_0,403.3051927097595,1,1505908.0,1989,"{""type"":""MultiPoint"",""coordinates"":[]}"
4_7_0,76.10396895391784,1,1507805.0,1989,"{""type"":""MultiPoint"",""coordinates"":[]}"
4_8_0,187.18939341723672,1,1508159.0,1989,"{""type"":""MultiPoint"",""coordinates"":[]}"
4_9_0,214.57030217126564,1,1508357.0,1989,"{""type"":""MultiPoint"",""coordinates"":[]}"
5_0_0,402.7595206373868,1,1500602.0,1990,"{""type"":""MultiPoint"",""coordinates"":[]}"
5_1_0,30.7544989636842,1,1500859.0,1990,"{""type"":""MultiPoint"",""coordinates"":[]}"
5_2_0,194.914809684633,1,1501725.0,1990,"{""type"":""MultiPoint"",""coordinates"":[]}"
5_3_0,146.99738510998705,1,1504455.0,1990,"{""type"":""MultiPoint"",""coordinates"":[]}"
5_4_0,263.98659510504353,1,1505486.0,1990,"{""type"":""MultiPoint"",""coordinates"":[]}"
5_5_0,118.94998820593307,1,1505650.0,1990,"{""type"":""MultiPoint"",""coordinates"":[]}"
5_6_0,409.4860759379089,1,1505908.0,1990,"{""type"":""MultiPoint"",""coordinates"":[]}"
5_7_0,78.53245417590279,1,1507805.0,1990,"{""type"":""MultiPoint"",""coordinates"":[]}"
5_8_0,237.68683789520549,1,1508159.0,1990,"{""type"":""MultiPoint"",""coordinates"":[]}"
5_9_0,228.66685204230538,1,1508357.0,1990,"{""type"":""MultiPoint"",""coordinates"":[]}"
6_0_0,466.01937220227046,1,1500602.0,1991,"{""type"":""MultiPoint"",""coordinates"":[]}"
6_1_0,37.349827286743405,1,1500859.0,1991,"{""type"":""MultiPoint"",""coordinates"":[]}"
6_2_0,223.62617511462744,1,1501725.0,1991,"{""type"":""MultiPoint"",""coordinates"":[]}"
6_3_0,157.9859985525541,1,1504455.0,1991,"{""type"":""MultiPoint"",""coordinates"":[]}"
6_4_0,278.8205566275044,1,1505486.0,1991,"{""type"":""MultiPoint"",""coordinates"":[]}"
6_5_0,143.1393480917951,1,1505650.0,1991,"{""type"":""MultiPoint"",""coordinates"":[]}"
6_6_0,419.1791537823311,1,1505908.0,1991,"{""type"":""MultiPoint"",""coordinates"":[]}"
6_7_0,83.23932511584462,1,1507805.0,1991,"{""type"":""MultiPoint"",""coordinates"":[]}"
6_8_0,273.35091827722533,1,1508159.0,1991,"{""type"":""MultiPoint"",""coordinates"":[]}"
6_9_0,261.8680933079234,1,1508357.0,1991,"{""type"":""MultiPoint"",""coordinates"":[]}"
7_0_0,543.8827368562683,1,1500602.0,1992,"{""type"":""MultiPoint"",""coordinates"":[]}"
7_1_0,44.99141217785655,1,1500859.0,1992,"{""type"":""MultiPoint"",""coordinates"":[]}"
7_2_0,478.81267599579587,1,1501725.0,1992,"{""type"":""MultiPoint"",""coordinates"":[]}"
7_3_0,272.79312752124514,1,1504455.0,1992,"{""type"":""MultiPoint"",""coordinates"":[]}"
7_4_0,342.18746106738024,1,1505486.0,1992,"{""type"":""MultiPoint"",""coordinates"":[]}"
7_5_0,324.050526279113,1,1505650.0,1992,"{""type"":""MultiPoint"",""coordinates"":[]}"
7_6_0,638.1788331610055,1,1505908.0,1992,"{""type"":""MultiPoint"",""coordinates"":[]}"
7_7_0,91.7424202230229,1,1507805.0,1992,"{""type"":""MultiPoint"",""coordinates"":[]}"
7_8_0,480.9039190071291,1,1508159.0,1992,"{""type"":""MultiPoint"",""coordinates"":[]}"
7_9_0,304.3057864272449,1,1508357.0,1992,"{""type"":""MultiPoint"",""coordinates"":[]}"
8_0_0,568.5850139848716,1,1500602.0,1993,"{""type"":""MultiPoint"",""coordinates"":[]}"
8_1_0,57.10389140692084,1,1500859.0,1993,"{""type"":""MultiPoint"",""coordinates"":[]}"
8_2_0,485.0020275147164,1,1501725.0,1993,"{""type"":""MultiPoint"",""coordinates"":[]}"
8_3_0,276.85250599731836,1,1504455.0,1993,"{""type"":""MultiPoint"",""coordinates"":[]}"
8_4_0,388.92839346556804,1,1505486.0,1993,"{""type"":""MultiPoint"",""coordinates"":[]}"
8_5_0,325.5551293284291,1,1505650.0,1993,"{""type"":""MultiPoint"",""coordinates"":[]}"
8_6_0,646.8100698221377,1,1505908.0,1993,"{""type"":""MultiPoint"",""coordinates"":[]}"
8_7_0,94.71732415509085,1,1507805.0,1993,"{""type"":""MultiPoint"",""coordinates"":[]}"
8_8_0,487.49843444523793,1,1508159.0,1993,"{""type"":""MultiPoint"",""coordinates"":[]}"
8_9_0,343.7592365661962,1,1508357.0,1993,"{""type"":""MultiPoint"",""coordinates"":[]}"
9_0_0,645.9872603779377,1,1500602.0,1994,"{""type"":""MultiPoint"",""coordinates"":[]}"
9_1_0,57.85448282885709,1,1500859.0,1994,"{""type"":""MultiPoint"",""coordinates"":[]}"
9_2_0,485.61854612299254,1,1501725.0,1994,"{""type"":""MultiPoint"",""coordinates"":[]}"
9_3_0,279.4302876388,1,1504455.0,1994,"{""type"":""MultiPoint"",""coordinates"":[]}"
9_4_0,413.1402095945362,1,1505486.0,1994,"{""type"":""MultiPoint"",""coordinates"":[]}"
9_5_0,356.9168599464133,1,1505650.0,1994,"{""type"":""MultiPoint"",""coordinates"":[]}"
9_6_0,651.5298359473808,1,1505908.0,1994,"{""type"":""MultiPoint"",""coordinates"":[]}"
9_7_0,99.14500562719806,1,1507805.0,1994,"{""type"":""MultiPoint"",""coordinates"":[]}"
9_8_0,520.1489495061538,1,1508159.0,1994,"{""type"":""MultiPoint"",""coordinates"":[]}"
9_9_0,367.58673416373364,1,1508357.0,1994,"{""type"":""MultiPoint"",""coordinates"":[]}"
10_0_0,732.5698216784693,1,1500602.0,1995,"{""type"":""MultiPoint"",""coordinates"":[]}"
10_1_0,58.968825644958166,1,1500859.0,1995,"{""type"":""MultiPoint"",""coordinates"":[]}"
10_2_0,489.73053294977547,1,1501725.0,1995,"{""type"":""MultiPoint"",""coordinates"":[]}"
10_3_0,280.0916176091977,1,1504455.0,1995,"{""type"":""MultiPoint"",""coordinates"":[]}"
10_4_0,645.7566678412865,1,1505486.0,1995,"{""type"":""MultiPoint"",""coordinates"":[]}"
10_5_0,362.19385742724563,1,1505650.0,1995,"{""type"":""MultiPoint"",""coordinates"":[]}"
10_6_0,661.4189119459165,1,1505908.0,1995,"{""type"":""MultiPoint"",""coordinates"":[]}"
10_7_0,99.46632827398763,1,1507805.0,1995,"{""type"":""MultiPoint"",""coordinates"":[]}"
10_8_0,526.3654660222069,1,1508159.0,1995,"{""type"":""MultiPoint"",""coordinates"":[]}"
10_9_0,368.3866771901613,1,1508357.0,1995,"{""type"":""MultiPoint"",""coordinates"":[]}"
11_0_0,844.8032941278768,1,1500602.0,1996,"{""type"":""MultiPoint"",""coordinates"":[]}"
11_1_0,115.78864265185473,1,1500859.0,1996,"{""type"":""MultiPoint"",""coordinates"":[]}"
11_2_0,522.5218383249564,1,1501725.0,1996,"{""type"":""MultiPoint"",""coordinates"":[]}"
11_3_0,303.89405650769845,1,1504455.0,1996,"{""type"":""MultiPoint"",""coordinates"":[]}"
11_4_0,800.7131019918735,1,1505486.0,1996,"{""type"":""MultiPoint"",""coordinates"":[]}"
11_5_0,511.35656244874224,1,1505650.0,1996,"{""type"":""MultiPoint"",""coordinates"":[]}"
11_6_0,669.6093909327279,1,1505908.0,1996,"{""type"":""MultiPoint"",""coordinates"":[]}"
11_7_0,111.89316544152899,1,1507805.0,1996,"{""type"":""MultiPoint"",""coordinates"":[]}"
11_8_0,651.0974910423236,1,1508159.0,1996,"{""type"":""MultiPoint"",""coordinates"":[]}"
11_9_0,397.34875476933655,1,1508357.0,1996,"{""type"":""MultiPoint"",""coordinates"":[]}"
12_0_0,1148.1521388796953,1,1500602.0,1997,"{""type"":""MultiPoint"",""coordinates"":[]}"
12_1_0,251.69647560687824,1,1500859.0,1997,"{""type"":""MultiPoint"",""coordinates"":[]}"
12_2_0,570.8164111134722,1,1501725.0,1997,"{""type"":""MultiPoint"",""coordinates"":[]}"
12_3_0,346.90795220441544,1,1504455.0,1997,"{""type"":""MultiPoint"",""coordinates"":[]}"
12_4_0,878.642878603009,1,1505486.0,1997,"{""type"":""MultiPoint"",""coordinates"":[]}"
12_5_0,610.7402238642937,1,1505650.0,1997,"{""type"":""MultiPoint"",""coordinates"":[]}"
12_6_0,737.2872130426532,1,1505908.0,1997,"{""type"":""MultiPoint"",""coordinates"":[]}"
12_7_0,156.70297808208988,1,1507805.0,1997,"{""type"":""MultiPoint"",""coordinates"":[]}"
12_8_0,778.7117390196846,1,1508159.0,1997,"{""type"":""MultiPoint"",""coordinates"":[]}"
12_9_0,557.2584689293695,1,1508357.0,1997,"{""type"":""MultiPoint"",""coordinates"":[]}"
13_0_0,1331.1724621538021,1,1500602.0,1998,"{""type"":""MultiPoint"",""coordinates"":[]}"
13_1_0,290.68740305823724,1,1500859.0,1998,"{""type"":""MultiPoint"",""coordinates"":[]}"
13_2_0,739.9985726376123,1,1501725.0,1998,"{""type"":""MultiPoint"",""coordinates"":[]}"
13_3_0,489.0139861958255,1,1504455.0,1998,"{""type"":""MultiPoint"",""coordinates"":[]}"
13_4_0,981.5944120687724,1,1505486.0,1998,"{""type"":""MultiPoint"",""coordinates"":[]}"
13_5_0,619.412267908904,1,1505650.0,1998,"{""type"":""MultiPoint"",""coordinates"":[]}"
13_6_0,883.8381034638595,1,1505908.0,1998,"{""type"":""MultiPoint"",""coordinates"":[]}"
13_7_0,177.73572012591464,1,1507805.0,1998,"{""type"":""MultiPoint"",""coordinates"":[]}"
13_8_0,862.1812437980368,1,1508159.0,1998,"{""type"":""MultiPoint"",""coordinates"":[]}"
13_9_0,665.6653682291587,1,1508357.0,1998,"{""type"":""MultiPoint"",""coordinates"":[]}"
14_0_0,1668.3280249498882,1,1500602.0,1999,"{""type"":""MultiPoint"",""coordinates"":[]}"
14_1_0,311.73254435279296,1,1500859.0,1999,"{""type"":""MultiPoint"",""coordinates"":[]}"
14_2_0,759.2657570104079,1,1501725.0,1999,"{""type"":""MultiPoint"",""coordinates"":[]}"
14_3_0,498.7454153474378,1,1504455.0,1999,"{""type"":""MultiPoint"",""coordinates"":[]}"
14_4_0,1159.8684546151514,1,1505486.0,1999,"{""type"":""MultiPoint"",""coordinates"":[]}"
14_5_0,671.4076430961602,1,1505650.0,1999,"{""type"":""MultiPoint"",""coordinates"":[]}"
14_6_0,944.9900561863273,1,1505908.0,1999,"{""type"":""MultiPoint"",""coordinates"":[]}"
14_7_0,191.91601360363623,1,1507805.0,1999,"{""type"":""MultiPoint"",""coordinates"":[]}"
14_8_0,924.9254905366234,1,1508159.0,1999,"{""type"":""MultiPoint"",""coordinates"":[]}"
14_9_0,711.5145475452687,1,1508357.0,1999,"{""type"":""MultiPoint"",""coordinates"":[]}"
15_0_0,1919.9048312088403,1,1500602.0,2000,"{""type"":""MultiPoint"",""coordinates"":[]}"
15_1_0,376.6014142849204,1,1500859.0,2000,"{""type"":""MultiPoint"",""coordinates"":[]}"
15_2_0,896.1162013040425,1,1501725.0,2000,"{""type"":""MultiPoint"",""coordinates"":[]}"
15_3_0,543.3430600393292,1,1504455.0,2000,"{""type"":""MultiPoint"",""coordinates"":[]}"
15_4_0,1373.9938769829296,1,1505486.0,2000,"{""type"":""MultiPoint"",""coordinates"":[]}"
15_5_0,718.6659735940351,1,1505650.0,2000,"{""type"":""MultiPoint"",""coordinates"":[]}"
15_6_0,1010.4645462708697,1,1505908.0,2000,"{""type"":""MultiPoint"",""coordinates"":[]}"
15_7_0,208.19214027172694,1,1507805.0,2000,"{""type"":""MultiPoint"",""coordinates"":[]}"
15_8_0,1013.6291372162465,1,1508159.0,2000,"{""type"":""MultiPoint"",""coordinates"":[]}"
15_9_0,777.4740633071036,1,1508357.0,2000,"{""type"":""MultiPoint"",""coordinates"":[]}"
16_0_0,2267.860454148162,1,1500602.0,2001,"{""type"":""MultiPoint"",""coordinates"":[]}"
16_1_0,529.934100806165,1,1500859.0,2001,"{""type"":""MultiPoint"",""coordinates"":[]}"
16_2_0,1075.361947540767,1,1501725.0,2001,"{""type"":""MultiPoint"",""coordinates"":[]}"
16_3_0,628.9314891532771,1,1504455.0,2001,"{""type"":""MultiPoint"",""coordinates"":[]}"
16_4_0,1540.6960390254671,1,1505486.0,2001,"{""type"":""MultiPoint"",""coordinates"":[]}"
16_5_0,842.8667812680538,1,1505650.0,2001,"{""type"":""MultiPoint"",""coordinates"":[]}"
16_6_0,1292.1445135199444,1,1505908.0,2001,"{""type"":""MultiPoint"",""coordinates"":[]}"
16_7_0,275.7484100823374,1,1507805.0,2001,"{""type"":""MultiPoint"",""coordinates"":[]}"
16_8_0,1213.0151275143076,1,1508159.0,2001,"{""type"":""MultiPoint"",""coordinates"":[]}"
16_9_0,894.4060988458386,1,1508357.0,2001,"{""type"":""MultiPoint"",""coordinates"":[]}"
17_0_0,2697.8351180828677,1,1500602.0,2002,"{""type"":""MultiPoint"",""coordinates"":[]}"
17_1_0,575.4694791238614,1,1500859.0,2002,"{""type"":""MultiPoint"",""coordinates"":[]}"
17_2_0,1130.770432583562,1,1501725.0,2002,"{""type"":""MultiPoint"",""coordinates"":[]}"
17_3_0,647.394255640925,1,1504455.0,2002,"{""type"":""MultiPoint"",""coordinates"":[]}"
17_4_0,1572.5072470346008,1,1505486.0,2002,"{""type"":""MultiPoint"",""coordinates"":[]}"
17_5_0,856.8068355969206,1,1505650.0,2002,"{""type"":""MultiPoint"",""coordinates"":[]}"
17_6_0,1398.2191110393708,1,1505908.0,2002,"{""type"":""MultiPoint"",""coordinates"":[]}"
17_7_0,286.2414568425905,1,1507805.0,2002,"{""type"":""MultiPoint"",""coordinates"":[]}"
17_8_0,1255.6901956127276,1,1508159.0,2002,"{""type"":""MultiPoint"",""coordinates"":[]}"
17_9_0,913.8110159176642,1,1508357.0,2002,"{""type"":""MultiPoint"",""coordinates"":[]}"
18_0_0,3104.134028601202,1,1500602.0,2003,"{""type"":""MultiPoint"",""coordinates"":[]}"
18_1_0,643.9027956234224,1,1500859.0,2003,"{""type"":""MultiPoint"",""coordinates"":[]}"
18_2_0,1172.6289997066694,1,1501725.0,2003,"{""type"":""MultiPoint"",""coordinates"":[]}"
18_3_0,676.729270034295,1,1504455.0,2003,"{""type"":""MultiPoint"",""coordinates"":[]}"
18_4_0,1696.0523348301417,1,1505486.0,2003,"{""type"":""MultiPoint"",""coordinates"":[]}"
18_5_0,885.1187552616558,1,1505650.0,2003,"{""type"":""MultiPoint"",""coordinates"":[]}"
18_6_0,1467.0550525670485,1,1505908.0,2003,"{""type"":""MultiPoint"",""coordinates"":[]}"
18_7_0,309.9677753648667,1,1507805.0,2003,"{""type"":""MultiPoint"",""coordinates"":[]}"
18_8_0,1306.9086366874976,1,1508159.0,2003,"{""type"":""MultiPoint"",""coordinates"":[]}"
18_9_0,941.3878994231324,1,1508357.0,2003,"{""type"":""MultiPoint"",""coordinates"":[]}"
19_0_0,3762.951592331328,1,1500602.0,2004,"{""type"":""MultiPoint"",""coordinates"":[]}"
19_1_0,842.4554264447698,1,1500859.0,2004,"{""type"":""MultiPoint"",""coordinates"":[]}"
19_2_0,1266.9310091296873,1,1501725.0,2004,"{""type"":""MultiPoint"",""coordinates"":[]}"
19_3_0,732.9380603700514,1,1504455.0,2004,"{""type"":""MultiPoint"",""coordinates"":[]}"
19_4_0,2074.259910454135,1,1505486.0,2004,"{""type"":""MultiPoint"",""coordinates"":[]}"
19_5_0,937.2608793619861,1,1505650.0,2004,"{""type"":""MultiPoint"",""coordinates"":[]}"
19_6_0,1825.5007604477294,1,1505908.0,2004,"{""type"":""MultiPoint"",""coordinates"":[]}"
19_7_0,341.952799889413,1,1507805.0,2004,"{""type"":""MultiPoint"",""coordinates"":[]}"
19_8_0,1420.225373041865,1,1508159.0,2004,"{""type"":""MultiPoint"",""coordinates"":[]}"
19_9_0,976.7001286583813,1,1508357.0,2004,"{""type"":""MultiPoint"",""coordinates"":[]}"
20_0_0,4224.2138198895855,1,1500602.0,2005,"{""type"":""MultiPoint"",""coordinates"":[]}"
20_1_0,917.482428862312,1,1500859.0,2005,"{""type"":""MultiPoint"",""coordinates"":[]}"
20_2_0,1305.0237053418966,1,1501725.0,2005,"{""type"":""MultiPoint"",""coordinates"":[]}"
20_3_0,749.8702585263076,1,1504455.0,2005,"{""type"":""MultiPoint"",""coordinates"":[]}"
20_4_0,2164.3460944936637,1,1505486.0,2005,"{""type"":""MultiPoint"",""coordinates"":[]}"
20_5_0,956.4463108559561,1,1505650.0,2005,"{""type"":""MultiPoint"",""coordinates"":[]}"
20_6_0,1886.2594325905402,1,1505908.0,2005,"{""type"":""MultiPoint"",""coordinates"":[]}"
20_7_0,359.51339051300874,1,1507805.0,2005,"{""type"":""MultiPoint"",""coordinates"":[]}"
20_8_0,1458.9719702704003,1,1508159.0,2005,"{""type"":""MultiPoint"",""coordinates"":[]}"
20_9_0,997.809328849472,1,1508357.0,2005,"{""type"":""MultiPoint"",""coordinates"":[]}"
21_0_0,4536.107869253966,1,1500602.0,2006,"{""type"":""MultiPoint"",""coordinates"":[]}"
21_1_0,979.3744435193188,1,1500859.0,2006,"{""type"":""MultiPoint"",""coordinates"":[]}"
21_2_0,1322.491677860564,1,1501725.0,2006,"{""type"":""MultiPoint"",""coordinates"":[]}"
21_3_0,758.4002180064041,1,1504455.0,2006,"{""type"":""MultiPoint"",""coordinates"":[]}"
21_4_0,2313.4756408275725,1,1505486.0,2006,"{""type"":""MultiPoint"",""coordinates"":[]}"
21_5_0,998.5951531383279,1,1505650.0,2006,"{""type"":""MultiPoint"",""coordinates"":[]}"
21_6_0,1914.8060327080043,1,1505908.0,2006,"{""type"":""MultiPoint"",""coordinates"":[]}"
21_7_0,382.73315532813757,1,1507805.0,2006,"{""type"":""MultiPoint"",""coordinates"":[]}"
21_8_0,1507.388383231373,1,1508159.0,2006,"{""type"":""MultiPoint"",""coordinates"":[]}"
21_9_0,1016.2423619463359,1,1508357.0,2006,"{""type"":""MultiPoint"",""coordinates"":[]}"
22_0_0,4703.122195135552,1,1500602.0,2007,"{""type"":""MultiPoint"",""coordinates"":[]}"
22_1_0,995.9469411760064,1,1500859.0,2007,"{""type"":""MultiPoint"",""coordinates"":[]}"
22_2_0,1331.1034578270815,1,1501725.0,2007,"{""type"":""MultiPoint"",""coordinates"":[]}"
22_3_0,765.1436828079891,1,1504455.0,2007,"{""type"":""MultiPoint"",""coordinates"":[]}"
22_4_0,2356.352233502418,1,1505486.0,2007,"{""type"":""MultiPoint"",""coordinates"":[]}"
22_5_0,1021.3097444954689,1,1505650.0,2007,"{""type"":""MultiPoint"",""coordinates"":[]}"
22_6_0,1920.9455313803592,1,1505908.0,2007,"{""type"":""MultiPoint"",""coordinates"":[]}"
22_7_0,394.0661196037739,1,1507805.0,2007,"{""type"":""MultiPoint"",""coordinates"":[]}"
22_8_0,1542.2868100672933,1,1508159.0,2007,"{""type"":""MultiPoint"",""coordinates"":[]}"
22_9_0,1019.4908537253431,1,1508357.0,2007,"{""type"":""MultiPoint"",""coordinates"":[]}"
23_0_0,5107.941186234253,1,1500602.0,2008,"{""type"":""MultiPoint"",""coordinates"":[]}"
23_1_0,1021.5632611513012,1,1500859.0,2008,"{""type"":""MultiPoint"",""coordinates"":[]}"
23_2_0,1345.6110219687712,1,1501725.0,2008,"{""type"":""MultiPoint"",""coordinates"":[]}"
23_3_0,793.1386690148921,1,1504455.0,2008,"{""type"":""MultiPoint"",""coordinates"":[]}"
23_4_0,2389.631588319004,1,1505486.0,2008,"{""type"":""MultiPoint"",""coordinates"":[]}"
23_5_0,1087.1521203700952,1,1505650.0,2008,"{""type"":""MultiPoint"",""coordinates"":[]}"
23_6_0,1952.468408180355,1,1505908.0,2008,"{""type"":""MultiPoint"",""coordinates"":[]}"
23_7_0,398.7458082274368,1,1507805.0,2008,"{""type"":""MultiPoint"",""coordinates"":[]}"
23_8_0,1619.8170913898143,1,1508159.0,2008,"{""type"":""MultiPoint"",""coordinates"":[]}"
23_9_0,1022.4655237790329,1,1508357.0,2008,"{""type"":""MultiPoint"",""coordinates"":[]}"
24_0_0,5315.385500223112,1,1500602.0,2009,"{""type"":""MultiPoint"",""coordinates"":[]}"
24_1_0,1128.6027492713033,1,1500859.0,2009,"{""type"":""MultiPoint"",""coordinates"":[]}"
24_2_0,1408.9098601836529,1,1501725.0,2009,"{""type"":""MultiPoint"",""coordinates"":[]}"
24_3_0,838.1843282316183,1,1504455.0,2009,"{""type"":""MultiPoint"",""coordinates"":[]}"
24_4_0,2636.5955107933137,1,1505486.0,2009,"{""type"":""MultiPoint"",""coordinates"":[]}"
24_5_0,1147.3187942692007,1,1505650.0,2009,"{""type"":""MultiPoint"",""coordinates"":[]}"
24_6_0,1992.5424735260815,1,1505908.0,2009,"{""type"":""MultiPoint"",""coordinates"":[]}"
24_7_0,425.51318403718534,1,1507805.0,2009,"{""type"":""MultiPoint"",""coordinates"":[]}"
24_8_0,1676.2997415237587,1,1508159.0,2009,"{""type"":""MultiPoint"",""coordinates"":[]}"
24_9_0,1038.645750896087,1,1508357.0,2009,"{""type"":""MultiPoint"",""coordinates"":[]}"
25_0_0,5952.926824583424,1,1500602.0,2010,"{""type"":""MultiPoint"",""coordinates"":[]}"
25_1_0,1140.3914241444138,1,1500859.0,2010,"{""type"":""MultiPoint"",""coordinates"":[]}"
25_2_0,1448.0829622661454,1,1501725.0,2010,"{""type"":""MultiPoint"",""coordinates"":[]}"
25_3_0,860.329390542175,1,1504455.0,2010,"{""type"":""MultiPoint"",""coordinates"":[]}"
25_4_0,2663.0192108063884,1,1505486.0,2010,"{""type"":""MultiPoint"",""coordinates"":[]}"
25_5_0,1172.7916661887732,1,1505650.0,2010,"{""type"":""MultiPoint"",""coordinates"":[]}"
25_6_0,2015.2901606534142,1,1505908.0,2010,"{""type"":""MultiPoint"",""coordinates"":[]}"
25_7_0,429.63687914460286,1,1507805.0,2010,"{""type"":""MultiPoint"",""coordinates"":[]}"
25_8_0,1705.1434222041814,1,1508159.0,2010,"{""type"":""MultiPoint"",""coordinates"":[]}"
25_9_0,1044.8131612465354,1,1508357.0,2010,"{""type"":""MultiPoint"",""coordinates"":[]}"
26_0_0,6193.181445843934,1,1500602.0,2011,"{""type"":""MultiPoint"",""coordinates"":[]}"
26_1_0,1148.9989617523215,1,1500859.0,2011,"{""type"":""MultiPoint"",""coordinates"":[]}"
26_2_0,1473.539916199505,1,1501725.0,2011,"{""type"":""MultiPoint"",""coordinates"":[]}"
26_3_0,885.5055584173635,1,1504455.0,2011,"{""type"":""MultiPoint"",""coordinates"":[]}"
26_4_0,2689.0313148981854,1,1505486.0,2011,"{""type"":""MultiPoint"",""coordinates"":[]}"
26_5_0,1197.965928763253,1,1505650.0,2011,"{""type"":""MultiPoint"",""coordinates"":[]}"
26_6_0,2036.1551617860214,1,1505908.0,2011,"{""type"":""MultiPoint"",""coordinates"":[]}"
26_7_0,436.1921723779936,1,1507805.0,2011,"{""type"":""MultiPoint"",""coordinates"":[]}"
26_8_0,1731.110015208581,1,1508159.0,2011,"{""type"":""MultiPoint"",""coordinates"":[]}"
26_9_0,1046.4906507102799,1,1508357.0,2011,"{""type"":""MultiPoint"",""coordinates"":[]}"
27_0_0,6532.050554603214,1,1500602.0,2012,"{""type"":""MultiPoint"",""coordinates"":[]}"
27_1_0,1171.6026293043424,1,1500859.0,2012,"{""type"":""MultiPoint"",""coordinates"":[]}"
27_2_0,1506.169142070308,1,1501725.0,2012,"{""type"":""MultiPoint"",""coordinates"":[]}"
27_3_0,913.0096956472737,1,1504455.0,2012,"{""type"":""MultiPoint"",""coordinates"":[]}"
27_4_0,2712.9225535052083,1,1505486.0,2012,"{""type"":""MultiPoint"",""coordinates"":[]}"
27_5_0,1268.6549511632747,1,1505650.0,2012,"{""type"":""MultiPoint"",""coordinates"":[]}"
27_6_0,2058.1982026617497,1,1505908.0,2012,"{""type"":""MultiPoint"",""coordinates"":[]}"
27_7_0,448.3989182433554,1,1507805.0,2012,"{""type"":""MultiPoint"",""coordinates"":[]}"
27_8_0,1769.4640539353504,1,1508159.0,2012,"{""type"":""MultiPoint"",""coordinates"":[]}"
27_9_0,1050.9604254410394,1,1508357.0,2012,"{""type"":""MultiPoint"",""coordinates"":[]}"
28_0_0,6687.690008348272,1,1500602.0,2013,"{""type"":""MultiPoint"",""coordinates"":[]}"
28_1_0,1180.3656411501383,1,1500859.0,2013,"{""type"":""MultiPoint"",""coordinates"":[]}"
28_2_0,1529.2663339299252,1,1501725.0,2013,"{""type"":""MultiPoint"",""coordinates"":[]}"
28_3_0,927.8613756899961,1,1504455.0,2013,"{""type"":""MultiPoint"",""coordinates"":[]}"
28_4_0,2781.1238748770043,1,1505486.0,2013,"{""type"":""MultiPoint"",""coordinates"":[]}"
28_5_0,1278.0161975938272,1,1505650.0,2013,"{""type"":""MultiPoint"",""coordinates"":[]}"
28_6_0,2081.3420208124267,1,1505908.0,2013,"{""type"":""MultiPoint"",""coordinates"":[]}"
28_7_0,461.48598752759517,1,1507805.0,2013,"{""type"":""MultiPoint"",""coordinates"":[]}"
28_8_0,1788.0861129665893,1,1508159.0,2013,"{""type"":""MultiPoint"",""coordinates"":[]}"
28_9_0,1054.3349392122557,1,1508357.0,2013,"{""type"":""MultiPoint"",""coordinates"":[]}"
29_0_0,7184.686506327203,1,1500602.0,2014,"{""type"":""MultiPoint"",""coordinates"":[]}"
29_1_0,1329.9383297631628,1,1500859.0,2014,"{""type"":""MultiPoint"",""coordinates"":[]}"
29_2_0,1555.9748730318593,1,1501725.0,2014,"{""type"":""MultiPoint"",""coordinates"":[]}"
29_3_0,968.9282128184196,1,1504455.0,2014,"{""type"":""MultiPoint"",""coordinates"":[]}"
29_4_0,3015.4027604512457,1,1505486.0,2014,"{""type"":""MultiPoint"",""coordinates"":[]}"
29_5_0,1381.1787515989495,1,1505650.0,2014,"{""type"":""MultiPoint"",""coordinates"":[]}"
29_6_0,2134.9483592395045,1,1505908.0,2014,"{""type"":""MultiPoint"",""coordinates"":[]}"
29_7_0,509.2663888474096,1,1507805.0,2014,"{""type"":""MultiPoint"",""coordinates"":[]}"
29_8_0,1864.4628855262567,1,1508159.0,2014,"{""type"":""MultiPoint"",""coordinates"":[]}"
29_9_0,1068.398003957381,1,1508357.0,2014,"{""type"":""MultiPoint"",""coordinates"":[]}"
30_0_0,7695.296735891552,1,1500602.0,2015,"{""type"":""MultiPoint"",""coordinates"":[]}"
30_1_0,1447.0287630098312,1,1500859.0,2015,"{""type"":""MultiPoint"",""coordinates"":[]}"
30_2_0,1605.018879819652,1,1501725.0,2015,"{""type"":""MultiPoint"",""coordinates"":[]}"
30_3_0,1027.1543212453614,1,1504455.0,2015,"{""type"":""MultiPoint"",""coordinates"":[]}"
30_4_0,3183.043742736753,1,1505486.0,2015,"{""type"":""MultiPoint"",""coordinates"":[]}"
30_5_0,1536.9648615719939,1,1505650.0,2015,"{""type"":""MultiPoint"",""coordinates"":[]}"
30_6_0,2207.7153690332702,1,1505908.0,2015,"{""type"":""MultiPoint"",""coordinates"":[]}"
30_7_0,582.4524059264479,1,1507805.0,2015,"{""type"":""MultiPoint"",""coordinates"":[]}"
30_8_0,2009.6106094444776,1,1508159.0,2015,"{""type"":""MultiPoint"",""coordinates"":[]}"
30_9_0,1090.6118283356238,1,1508357.0,2015,"{""type"":""MultiPoint"",""coordinates"":[]}"
31_0_0,7916.759743168993,1,1500602.0,2016,"{""type"":""MultiPoint"",""coordinates"":[]}"
31_1_0,1499.3896122992653,1,1500859.0,2016,"{""type"":""MultiPoint"",""coordinates"":[]}"
31_2_0,1625.2199658593968,1,1501725.0,2016,"{""type"":""MultiPoint"",""coordinates"":[]}"
31_3_0,1078.9602213308603,1,1504455.0,2016,"{""type"":""MultiPoint"",""coordinates"":[]}"
31_4_0,3287.1638075490814,1,1505486.0,2016,"{""type"":""MultiPoint"",""coordinates"":[]}"
31_5_0,1654.5833833960771,1,1505650.0,2016,"{""type"":""MultiPoint"",""coordinates"":[]}"
31_6_0,2274.5547620516127,1,1505908.0,2016,"{""type"":""MultiPoint"",""coordinates"":[]}"
31_7_0,633.8815481173082,1,1507805.0,2016,"{""type"":""MultiPoint"",""coordinates"":[]}"
31_8_0,2467.5593004908096,1,1508159.0,2016,"{""type"":""MultiPoint"",""coordinates"":[]}"
31_9_0,1104.0619030147138,1,1508357.0,2016,"{""type"":""MultiPoint"",""coordinates"":[]}"
32_0_0,8650.726209148848,1,1500602.0,2017,"{""type"":""MultiPoint"",""coordinates"":[]}"
32_1_0,1622.2633155164624,1,1500859.0,2017,"{""type"":""MultiPoint"",""coordinates"":[]}"
32_2_0,1650.7737430016734,1,1501725.0,2017,"{""type"":""MultiPoint"",""coordinates"":[]}"
32_3_0,1100.8547850875195,1,1504455.0,2017,"{""type"":""MultiPoint"",""coordinates"":[]}"
32_4_0,3644.089792059287,1,1505486.0,2017,"{""type"":""MultiPoint"",""coordinates"":[]}"
32_5_0,1726.6931432336726,1,1505650.0,2017,"{""type"":""MultiPoint"",""coordinates"":[]}"
32_6_0,2321.958203996305,1,1505908.0,2017,"{""type"":""MultiPoint"",""coordinates"":[]}"
32_7_0,751.0683602806988,1,1507805.0,2017,"{""type"":""MultiPoint"",""coordinates"":[]}"
32_8_0,2534.514071530364,1,1508159.0,2017,"{""type"":""MultiPoint"",""coordinates"":[]}"
32_9_0,1124.493605815308,1,1508357.0,2017,"{""type"":""MultiPoint"",""coordinates"":[]}"
33_0_0,8924.689513395215,1,1500602.0,2018,"{""type"":""MultiPoint"",""coordinates"":[]}"
33_1_0,1647.5722576008727,1,1500859.0,2018,"{""type"":""MultiPoint"",""coordinates"":[]}"
33_2_0,1672.4673193163287,1,1501725.0,2018,"{""type"":""MultiPoint"",""coordinates"":[]}"
33_3_0,1150.8458741433294,1,1504455.0,2018,"{""type"":""MultiPoint"",""coordinates"":[]}"
33_4_0,3789.5373954803185,1,1505486.0,2018,"{""type"":""MultiPoint"",""coordinates"":[]}"
33_5_0,1814.576442738766,1,1505650.0,2018,"{""type"":""MultiPoint"",""coordinates"":[]}"
33_6_0,2343.02672718158,1,1505908.0,2018,"{""type"":""MultiPoint"",""coordinates"":[]}"
33_7_0,772.7316555734901,1,1507805.0,2018,"{""type"":""MultiPoint"",""coordinates"":[]}"
33_8_0,2649.824281919436,1,1508159.0,2018,"{""type"":""MultiPoint"",""coordinates"":[]}"
33_9_0,1131.2031761155572,1,1508357.0,2018,"{""type"":""MultiPoint"",""coordinates"":[]}"
34_0_0,9635.843540039059,1,1500602.0,2019,"{""type"":""MultiPoint"",""coordinates"":[]}"
34_1_0,1690.5263578615998,1,1500859.0,2019,"{""type"":""MultiPoint"",""coordinates"":[]}"
34_2_0,1680.974842782906,1,1501725.0,2019,"{""type"":""MultiPoint"",""coordinates"":[]}"
34_3_0,1173.4287483130568,1,1504455.0,2019,"{""type"":""MultiPoint"",""coordinates"":[]}"
34_4_0,3931.6723640288965,1,1505486.0,2019,"{""type"":""MultiPoint"",""coordinates"":[]}"
34_5_0,1858.2182904435397,1,1505650.0,2019,"{""type"":""MultiPoint"",""coordinates"":[]}"
34_6_0,2363.6792280293403,1,1505908.0,2019,"{""type"":""MultiPoint"",""coordinates"":[]}"
34_7_0,814.889847125367,1,1507805.0,2019,"{""type"":""MultiPoint"",""coordinates"":[]}"
34_8_0,2696.269662847827,1,1508159.0,2019,"{""type"":""MultiPoint"",""coordinates"":[]}"
34_9_0,1135.58904248208,1,1508357.0,2019,"{""type"":""MultiPoint"",""coordinates"":[]}"
35_0_0,10770.57212043104,1,1500602.0,2020,"{""type"":""MultiPoint"",""coordinates"":[]}"
35_1_0,1761.6041865240418,1,1500859.0,2020,"{""type"":""MultiPoint"",""coordinates"":[]}"
35_2_0,1694.4040459184841,1,1501725.0,2020,"{""type"":""MultiPoint"",""coordinates"":[]}"
35_3_0,1228.4001999438362,1,1504455.0,2020,"{""type"":""MultiPoint"",""coordinates"":[]}"
35_4_0,4115.296848002021,1,1505486.0,2020,"{""type"":""MultiPoint"",""coordinates"":[]}"
35_5_0,2007.5105642462302,1,1505650.0,2020,"{""type"":""MultiPoint"",""coordinates"":[]}"
35_6_0,2391.9160422994387,1,1505908.0,2020,"{""type"":""MultiPoint"",""coordinates"":[]}"
35_7_0,872.8693780113591,1,1507805.0,2020,"{""type"":""MultiPoint"",""coordinates"":[]}"
35_8_0,2810.6997254988387,1,1508159.0,2020,"{""type"":""MultiPoint"",""coordinates"":[]}"
35_9_0,1141.5253481798654,1,1508357.0,2020,"{""type"":""MultiPoint"",""coordinates"":[]}"
36_0_0,11272.352189783183,1,1500602.0,2021,"{""type"":""MultiPoint"",""coordinates"":[]}"
36_1_0,1841.6695651255593,1,1500859.0,2021,"{""type"":""MultiPoint"",""coordinates"":[]}"
36_2_0,1696.403503666526,1,1501725.0,2021,"{""type"":""MultiPoint"",""coordinates"":[]}"
36_3_0,1247.7779524982784,1,1504455.0,2021,"{""type"":""MultiPoint"",""coordinates"":[]}"
36_4_0,4259.861102306729,1,1505486.0,2021,"{""type"":""MultiPoint"",""coordinates"":[]}"
36_5_0,2026.1697453078395,1,1505650.0,2021,"{""type"":""MultiPoint"",""coordinates"":[]}"
36_6_0,2414.7680771730047,1,1505908.0,2021,"{""type"":""MultiPoint"",""coordinates"":[]}"
36_7_0,974.7841483321599,1,1507805.0,2021,"{""type"":""MultiPoint"",""coordinates"":[]}"
36_8_0,2829.7836732930873,1,1508159.0,2021,"{""type"":""MultiPoint"",""coordinates"":[]}"
36_9_0,1141.8851248071237,1,1508357.0,2021,"{""type"":""MultiPoint"",""coordinates"":[]}"
37_0_0,12275.990582375589,1,1500602.0,2022,"{""type"":""MultiPoint"",""coordinates"":[]}"
37_1_0,1945.8241909419917,1,1500859.0,2022,"{""type"":""MultiPoint"",""coordinates"":[]}"
37_2_0,1714.7097108456296,1,1501725.0,2022,"{""type"":""MultiPoint"",""coordinates"":[]}"
37_3_0,1345.5915077803284,1,1504455.0,2022,"{""type"":""MultiPoint"",""coordinates"":[]}"
37_4_0,4604.277229747266,1,1505486.0,2022,"{""type"":""MultiPoint"",""coordinates"":[]}"
37_5_0,2160.4901740883793,1,1505650.0,2022,"{""type"":""MultiPoint"",""coordinates"":[]}"
37_6_0,2470.5090806480075,1,1505908.0,2022,"{""type"":""MultiPoint"",""coordinates"":[]}"
37_7_0,1048.2689764390489,1,1507805.0,2022,"{""type"":""MultiPoint"",""coordinates"":[]}"
37_8_0,2998.5820534429376,1,1508159.0,2022,"{""type"":""MultiPoint"",""coordinates"":[]}"
37_9_0,1145.2782833604078,1,1508357.0,2022,"{""type"":""MultiPoint"",""coordinates"":[]}"
38_0_0,12738.919631309564,1,1500602.0,2023,"{""type"":""MultiPoint"",""coordinates"":[]}"
38_1_0,2122.44824630166,1,1500859.0,2023,"{""type"":""MultiPoint"",""coordinates"":[]}"
38_2_0,1734.923993685596,1,1501725.0,2023,"{""type"":""MultiPoint"",""coordinates"":[]}"
38_3_0,1410.2459085856108,1,1504455.0,2023,"{""type"":""MultiPoint"",""coordinates"":[]}"
38_4_0,4844.215725595319,1,1505486.0,2023,"{""type"":""MultiPoint"",""coordinates"":[]}"
38_5_0,2319.5202208597116,1,1505650.0,2023,"{""type"":""MultiPoint"",""coordinates"":[]}"
38_6_0,2572.2140954603656,1,1505908.0,2023,"{""type"":""MultiPoint"",""coordinates"":[]}"
38_7_0,1189.978797472174,1,1507805.0,2023,"{""type"":""MultiPoint"",""coordinates"":[]}"
38_8_0,3292.910442496042,1,1508159.0,2023,"{""type"":""MultiPoint"",""coordinates"":[]}"
38_9_0,1151.9552957134265,1,1508357.0,2023,"{""type"":""MultiPoint"",""coordinates"":[]}"
39_0_0,15397.142361266497,1,1500602.0,2024,"{""type"":""MultiPoint"",""coordinates"":[]}"
39_1_0,2175.776651490746,1,1500859.0,2024,"{""type"":""MultiPoint"",""coordinates"":[]}"
39_2_0,1745.9329027813335,1,1501725.0,2024,"{""type"":""MultiPoint"",""coordinates"":[]}"
39_3_0,1486.7102091441168,1,1504455.0,2024,"{""type"":""MultiPoint"",""coordinates"":[]}"
39_4_0,5000.492120018031,1,1505486.0,2024,"{""type"":""MultiPoint"",""coordinates"":[]}"
39_5_0,2972.0864476927063,1,1505650.0,2024,"{""type"":""MultiPoint"",""coordinates"":[]}"
39_6_0,2735.642645324396,1,1505908.0,2024,"{""type"":""MultiPoint"",""coordinates"":[]}"
39_7_0,1233.0787409250318,1,1507805.0,2024,"{""type"":""MultiPoint"",""coordinates"":[]}"
39_8_0,4058.966147509849,1,1508159.0,2024,"{""type"":""MultiPoint"",""coordinates"":[]}"
39_9_0,1156.2312700106163,1,1508357.0,2024,"{""type"":""MultiPoint"",""coordinates"":[]}"
